Name	Sequence
BC01	AAGAAAGTTGTCGGTGTCTTTGTG
BC02	TCGATTCCGTTTGTAGTCGTCTGT
BC03	GAGTCTTGTGTCCCAGTTACCAGG
BC04	TTCGGATTCTATCGTGTTTCCCTA
BC05	CTTGTCCAGGGTTTGTGTAACCTT
BC06	TTCTCGCAAAGGCAGAAAGTAGTC
BC07	GTGTTACCGTGGGAATGAATCCTT
BC08	TTCAGGGAACAAACCAAGTTACGT
BC09	AACTAGGCACAGCGAGTCTTGGTT
BC10	AAGCGTTGAAACCTTTGTCCTCTC
BC11	GTTTCATCTATCGGAGGGAATGGA
BC12	CAGGTAGAAAGAAGCAGAATCGGA
BC13	AGAACGACTTCCATACTCGTGTGA
BC14	AACGAGTCTCTTGGGACCCATAGA
BC15	AGGTCTACCTCGCTAACACCACTG
BC16	CGTCAACTGACAGTGGTTCGTACT
BC17	ACCCTCCAGGAAAGTACCTCTGAT
BC18	CCAAACCCAACAACCTAGATAGGC
BC19	GTTCCTCGTGCAGTGTCAAGAGAT
BC20	TTGCGTCCTGTTACGAGAACTCAT
BC21	GAGCCTCTCATTGTCCGTTCTCTA
BC22	ACCACTGCCATGTATCAAAGTACG
BC23	CTTACTACCCAGTGAACCTCCTCG
BC24	GCATAGTTCTGCATGATGGGTTAG
